00:54:39	1	2	200	text/html; charset=UTF-8	36468	<!DOCTYPE html>	></html>
00:54:40	1	1.1	200	text/html; charset=UTF-8	36469	<!DOCTYPE html>	></html>
00:54:43	2	2	200	text/html; charset=UTF-8	36465	<!DOCTYPE html>	></html>
00:54:44	2	1.1	200	text/html; charset=UTF-8	36465	<!DOCTYPE html>	></html>
00:54:46	3	2	200	text/html; charset=UTF-8	36465	<!DOCTYPE html>	></html>
00:54:47	3	1.1	200	text/html; charset=UTF-8	36465	<!DOCTYPE html>	></html>
00:54:49	4	2	200	text/html; charset=UTF-8	36466	<!DOCTYPE html>	></html>
00:54:50	4	1.1	200	text/html; charset=UTF-8	36467	<!DOCTYPE html>	></html>
00:54:53	5	2	200	text/html; charset=UTF-8	36463	<!DOCTYPE html>	></html>
00:54:54	5	1.1	200	text/html; charset=UTF-8	36463	<!DOCTYPE html>	></html>
00:54:56	6	2	200	text/html; charset=UTF-8	36463	<!DOCTYPE html>	></html>
00:54:57	6	1.1	200	text/html; charset=UTF-8	36463	<!DOCTYPE html>	></html>
00:54:59	7	2	200	text/html; charset=UTF-8	36463	<!DOCTYPE html>	></html>
00:55:00	7	1.1	200	text/html; charset=UTF-8	36467	<!DOCTYPE html>	></html>
00:55:03	8	2	200	text/html; charset=UTF-8	36465	<!DOCTYPE html>	></html>
00:55:04	8	1.1	200	text/html; charset=UTF-8	36463	<!DOCTYPE html>	></html>
00:55:06	9	2	200	text/html; charset=UTF-8	36463	<!DOCTYPE html>	></html>
00:55:07	9	1.1	200	text/html; charset=UTF-8	36463	<!DOCTYPE html>	></html>
00:55:09	10	2	200	text/html; charset=UTF-8	36463	<!DOCTYPE html>	></html>
00:55:10	10	1.1	200	text/html; charset=UTF-8	36467	<!DOCTYPE html>	></html>
00:55:12	11	2	200	text/html; charset=UTF-8	36463	<!DOCTYPE html>	></html>
00:55:14	11	1.1	200	text/html; charset=UTF-8	36463	<!DOCTYPE html>	></html>
00:55:16	12	2	200	text/html; charset=UTF-8	36463	<!DOCTYPE html>	></html>
00:55:17	12	1.1	200	text/html; charset=UTF-8	36463	<!DOCTYPE html>	></html>
00:55:20	13	2	200	text/html; charset=UTF-8	36463	<!DOCTYPE html>	></html>
00:55:21	13	1.1	200	text/html; charset=UTF-8	36464	<!DOCTYPE html>	></html>
00:55:23	14	2	200	text/html; charset=UTF-8	36463	<!DOCTYPE html>	></html>
00:55:24	14	1.1	200	text/html; charset=UTF-8	36462	<!DOCTYPE html>	></html>
00:55:26	15	2	200	text/html; charset=UTF-8	36464	<!DOCTYPE html>	></html>
00:55:27	15	1.1	200	text/html; charset=UTF-8	36463	<!DOCTYPE html>	></html>
00:55:29	16	2	200	text/html; charset=UTF-8	36463	<!DOCTYPE html>	></html>
00:55:30	16	1.1	200	text/html; charset=UTF-8	36469	<!DOCTYPE html>	></html>
00:55:33	17	2	200	text/html; charset=UTF-8	36463	<!DOCTYPE html>	></html>
00:55:33	17	1.1	200	text/html; charset=UTF-8	36463	<!DOCTYPE html>	></html>
00:55:35	18	2	200	text/html; charset=UTF-8	36463	<!DOCTYPE html>	></html>
00:55:36	18	1.1	200	text/html; charset=UTF-8	36463	<!DOCTYPE html>	></html>
00:55:39	19	2	200	text/html; charset=UTF-8	36467	<!DOCTYPE html>	></html>
00:55:40	19	1.1	200	text/html; charset=UTF-8	36463	<!DOCTYPE html>	></html>
00:55:42	20	2	200	text/html; charset=UTF-8	36466	<!DOCTYPE html>	></html>
00:55:43	20	1.1	200	text/html; charset=UTF-8	36466	<!DOCTYPE html>	></html>
00:55:45	21	2	200	text/html; charset=UTF-8	36463	<!DOCTYPE html>	></html>
00:55:46	21	1.1	200	text/html; charset=UTF-8	36463	<!DOCTYPE html>	></html>
00:55:48	22	2	200	text/html; charset=UTF-8	36464	<!DOCTYPE html>	></html>
00:55:49	22	1.1	200	text/html; charset=UTF-8	36467	<!DOCTYPE html>	></html>
00:55:51	23	2	200	text/html; charset=UTF-8	36467	<!DOCTYPE html>	></html>
00:55:52	23	1.1	200	text/html; charset=UTF-8	36463	<!DOCTYPE html>	></html>
00:55:54	24	2	200	text/html; charset=UTF-8	36463	<!DOCTYPE html>	></html>
00:55:55	24	1.1	200	text/html; charset=UTF-8	36464	<!DOCTYPE html>	></html>
00:55:57	25	2	200	text/html; charset=UTF-8	36463	<!DOCTYPE html>	></html>
00:55:58	25	1.1	200	text/html; charset=UTF-8	36467	<!DOCTYPE html>	></html>
00:56:00	26	2	200	text/html; charset=UTF-8	36466	<!DOCTYPE html>	></html>
00:56:01	26	1.1	200	text/html; charset=UTF-8	36463	<!DOCTYPE html>	></html>
00:56:03	27	2	200	text/html; charset=UTF-8	36462	<!DOCTYPE html>	></html>
00:56:05	27	1.1	200	text/html; charset=UTF-8	36462	<!DOCTYPE html>	></html>
00:56:07	28	2	200	text/html; charset=UTF-8	36462	<!DOCTYPE html>	></html>
00:56:08	28	1.1	200	text/html; charset=UTF-8	36462	<!DOCTYPE html>	></html>
00:56:10	29	2	200	text/html; charset=UTF-8	36462	<!DOCTYPE html>	></html>
00:56:11	29	1.1	200	text/html; charset=UTF-8	36467	<!DOCTYPE html>	></html>
00:56:13	30	2	200	text/html; charset=UTF-8	36463	<!DOCTYPE html>	></html>
00:56:14	30	1.1	200	text/html; charset=UTF-8	36463	<!DOCTYPE html>	></html>
00:56:16	31	2	200	text/html; charset=UTF-8	36463	<!DOCTYPE html>	></html>
00:56:17	31	1.1	200	text/html; charset=UTF-8	36463	<!DOCTYPE html>	></html>
00:56:19	32	2	200	text/html; charset=UTF-8	36462	<!DOCTYPE html>	></html>
00:56:20	32	1.1	200	text/html; charset=UTF-8	36468	<!DOCTYPE html>	></html>
00:56:22	33	2	200	text/html; charset=UTF-8	36463	<!DOCTYPE html>	></html>
00:56:23	33	1.1	200	text/html; charset=UTF-8	36463	<!DOCTYPE html>	></html>
00:56:25	34	2	200	text/html; charset=UTF-8	36463	<!DOCTYPE html>	></html>
00:56:26	34	1.1	200	text/html; charset=UTF-8	36463	<!DOCTYPE html>	></html>
00:56:28	35	2	200	text/html; charset=UTF-8	36467	<!DOCTYPE html>	></html>
00:56:29	35	1.1	200	text/html; charset=UTF-8	36463	<!DOCTYPE html>	></html>
00:56:31	36	2	200	text/html; charset=UTF-8	36464	<!DOCTYPE html>	></html>
00:56:32	36	1.1	200	text/html; charset=UTF-8	36464	<!DOCTYPE html>	></html>
00:56:34	37	2	200	text/html; charset=UTF-8	36463	<!DOCTYPE html>	></html>
00:56:36	37	1.1	200	text/html; charset=UTF-8	36463	<!DOCTYPE html>	></html>
00:56:38	38	2	200	text/html; charset=UTF-8	36463	<!DOCTYPE html>	></html>
00:56:38	38	1.1	200	text/html; charset=UTF-8	36467	<!DOCTYPE html>	></html>
00:56:41	39	2	200	text/html; charset=UTF-8	36466	<!DOCTYPE html>	></html>
00:56:42	39	1.1	200	text/html; charset=UTF-8	36463	<!DOCTYPE html>	></html>
00:56:44	40	2	200	text/html; charset=UTF-8	36463	<!DOCTYPE html>	></html>
00:56:45	40	1.1	200	text/html; charset=UTF-8	36463	<!DOCTYPE html>	></html>
00:56:47	41	2	200	text/html; charset=UTF-8	36465	<!DOCTYPE html>	></html>
00:56:48	41	1.1	200	text/html; charset=UTF-8	36464	<!DOCTYPE html>	></html>
00:56:50	42	2	200	text/html; charset=UTF-8	36464	<!DOCTYPE html>	></html>
00:56:51	42	1.1	200	text/html; charset=UTF-8	36467	<!DOCTYPE html>	></html>
00:56:53	43	2	200	text/html; charset=UTF-8	36461	<!DOCTYPE html>	></html>
00:56:54	43	1.1	200	text/html; charset=UTF-8	36463	<!DOCTYPE html>	></html>
00:56:56	44	2	200	text/html; charset=UTF-8	36463	<!DOCTYPE html>	></html>
00:56:57	44	1.1	200	text/html; charset=UTF-8	36463	<!DOCTYPE html>	></html>
00:56:59	45	2	200	text/html; charset=UTF-8	36463	<!DOCTYPE html>	></html>
00:57:00	45	1.1	200	text/html; charset=UTF-8	36464	<!DOCTYPE html>	></html>
00:57:02	46	2	200	text/html; charset=UTF-8	36461	<!DOCTYPE html>	></html>
00:57:03	46	1.1	200	text/html; charset=UTF-8	36461	<!DOCTYPE html>	></html>
00:57:05	47	2	200	text/html; charset=UTF-8	36461	<!DOCTYPE html>	></html>
00:57:07	47	1.1	200	text/html; charset=UTF-8	36461	<!DOCTYPE html>	></html>
00:57:09	48	2	200	text/html; charset=UTF-8	36464	<!DOCTYPE html>	></html>
00:57:10	48	1.1	200	text/html; charset=UTF-8	36461	<!DOCTYPE html>	></html>
00:57:11	49	2	200	text/html; charset=UTF-8	36464	<!DOCTYPE html>	></html>
00:57:13	49	1.1	200	text/html; charset=UTF-8	36461	<!DOCTYPE html>	></html>
00:57:15	50	2	200	text/html; charset=UTF-8	36464	<!DOCTYPE html>	></html>
00:57:16	50	1.1	200	text/html; charset=UTF-8	36464	<!DOCTYPE html>	></html>
00:57:18	51	2	200	text/html; charset=UTF-8	36467	<!DOCTYPE html>	></html>
00:57:19	51	1.1	200	text/html; charset=UTF-8	36464	<!DOCTYPE html>	></html>
00:57:21	52	2	200	text/html; charset=UTF-8	36463	<!DOCTYPE html>	></html>
00:57:22	52	1.1	200	text/html; charset=UTF-8	36464	<!DOCTYPE html>	></html>
00:57:25	53	2	200	text/html; charset=UTF-8	36463	<!DOCTYPE html>	></html>
00:57:26	53	1.1	200	text/html; charset=UTF-8	36464	<!DOCTYPE html>	></html>
00:57:28	54	2	200	text/html; charset=UTF-8	36463	<!DOCTYPE html>	></html>
00:57:29	54	1.1	200	text/html; charset=UTF-8	36467	<!DOCTYPE html>	></html>
00:57:31	55	2	200	text/html; charset=UTF-8	36464	<!DOCTYPE html>	></html>
00:57:32	55	1.1	200	text/html; charset=UTF-8	36464	<!DOCTYPE html>	></html>
00:57:34	56	2	200	text/html; charset=UTF-8	36464	<!DOCTYPE html>	></html>
00:57:35	56	1.1	200	text/html; charset=UTF-8	36464	<!DOCTYPE html>	></html>
00:57:37	57	2	200	text/html; charset=UTF-8	36464	<!DOCTYPE html>	></html>
00:57:38	57	1.1	200	text/html; charset=UTF-8	36467	<!DOCTYPE html>	></html>
00:57:40	58	2	200	text/html; charset=UTF-8	36467	<!DOCTYPE html>	></html>
00:57:41	58	1.1	200	text/html; charset=UTF-8	36464	<!DOCTYPE html>	></html>
00:57:43	59	2	200	text/html; charset=UTF-8	36464	<!DOCTYPE html>	></html>
00:57:44	59	1.1	200	text/html; charset=UTF-8	36464	<!DOCTYPE html>	></html>
00:57:46	60	2	200	text/html; charset=UTF-8	36464	<!DOCTYPE html>	></html>
00:57:47	60	1.1	200	text/html; charset=UTF-8	36463	<!DOCTYPE html>	></html>
00:57:50	61	2	200	text/html; charset=UTF-8	36464	<!DOCTYPE html>	></html>
00:57:51	61	1.1	200	text/html; charset=UTF-8	36468	<!DOCTYPE html>	></html>
00:57:53	62	2	200	text/html; charset=UTF-8	36465	<!DOCTYPE html>	></html>
00:57:54	62	1.1	200	text/html; charset=UTF-8	36464	<!DOCTYPE html>	></html>
00:57:56	63	2	200	text/html; charset=UTF-8	36464	<!DOCTYPE html>	></html>
00:57:57	63	1.1	200	text/html; charset=UTF-8	36463	<!DOCTYPE html>	></html>
00:57:59	64	2	200	text/html; charset=UTF-8	36468	<!DOCTYPE html>	></html>
00:58:00	64	1.1	200	text/html; charset=UTF-8	36464	<!DOCTYPE html>	></html>
00:58:02	65	2	200	text/html; charset=UTF-8	36464	<!DOCTYPE html>	></html>
00:58:02	65	1.1	200	text/html; charset=UTF-8	36463	<!DOCTYPE html>	></html>
00:58:05	66	2	200	text/html; charset=UTF-8	36463	<!DOCTYPE html>	></html>
00:58:06	66	1.1	200	text/html; charset=UTF-8	36463	<!DOCTYPE html>	></html>
00:58:08	67	2	200	text/html; charset=UTF-8	36463	<!DOCTYPE html>	></html>
00:58:09	67	1.1	200	text/html; charset=UTF-8	36463	<!DOCTYPE html>	></html>
00:58:11	68	2	200	text/html; charset=UTF-8	36464	<!DOCTYPE html>	></html>
00:58:12	68	1.1	200	text/html; charset=UTF-8	36461	<!DOCTYPE html>	></html>
00:58:14	69	2	200	text/html; charset=UTF-8	36463	<!DOCTYPE html>	></html>
00:58:15	69	1.1	200	text/html; charset=UTF-8	36464	<!DOCTYPE html>	></html>
00:58:17	70	2	200	text/html; charset=UTF-8	36463	<!DOCTYPE html>	></html>
00:58:18	70	1.1	200	text/html; charset=UTF-8	36463	<!DOCTYPE html>	></html>
00:58:20	71	2	200	text/html; charset=UTF-8	36466	<!DOCTYPE html>	></html>
00:58:21	71	1.1	200	text/html; charset=UTF-8	36466	<!DOCTYPE html>	></html>
00:58:23	72	2	200	text/html; charset=UTF-8	36463	<!DOCTYPE html>	></html>
00:58:24	72	1.1	200	text/html; charset=UTF-8	36465	<!DOCTYPE html>	></html>
00:58:26	73	2	200	text/html; charset=UTF-8	36463	<!DOCTYPE html>	></html>
00:58:27	73	1.1	200	text/html; charset=UTF-8	36463	<!DOCTYPE html>	></html>
00:58:29	74	2	200	text/html; charset=UTF-8	36463	<!DOCTYPE html>	></html>
00:58:30	74	1.1	200	text/html; charset=UTF-8	36467	<!DOCTYPE html>	></html>
00:58:32	75	2	200	text/html; charset=UTF-8	36465	<!DOCTYPE html>	></html>
00:58:33	75	1.1	200	text/html; charset=UTF-8	36463	<!DOCTYPE html>	></html>
00:58:35	76	2	200	text/html; charset=UTF-8	36463	<!DOCTYPE html>	></html>
00:58:36	76	1.1	200	text/html; charset=UTF-8	36463	<!DOCTYPE html>	></html>
00:58:38	77	2	200	text/html; charset=UTF-8	36467	<!DOCTYPE html>	></html>
00:58:39	77	1.1	200	text/html; charset=UTF-8	36463	<!DOCTYPE html>	></html>
00:58:41	78	2	200	text/html; charset=UTF-8	36464	<!DOCTYPE html>	></html>
00:58:42	78	1.1	200	text/html; charset=UTF-8	36461	<!DOCTYPE html>	></html>
00:58:44	79	2	200	text/html; charset=UTF-8	36464	<!DOCTYPE html>	></html>
00:58:45	79	1.1	200	text/html; charset=UTF-8	36464	<!DOCTYPE html>	></html>
00:58:47	80	2	200	text/html; charset=UTF-8	36463	<!DOCTYPE html>	></html>
00:58:48	80	1.1	200	text/html; charset=UTF-8	36467	<!DOCTYPE html>	></html>
00:58:50	81	2	200	text/html; charset=UTF-8	36467	<!DOCTYPE html>	></html>
00:58:51	81	1.1	200	text/html; charset=UTF-8	36464	<!DOCTYPE html>	></html>
00:58:53	82	2	200	text/html; charset=UTF-8	36463	<!DOCTYPE html>	></html>
00:58:54	82	1.1	200	text/html; charset=UTF-8	36463	<!DOCTYPE html>	></html>
00:58:56	83	2	200	text/html; charset=UTF-8	36463	<!DOCTYPE html>	></html>
00:58:57	83	1.1	200	text/html; charset=UTF-8	36463	<!DOCTYPE html>	></html>
00:58:59	84	2	200	text/html; charset=UTF-8	36463	<!DOCTYPE html>	></html>
00:59:00	84	1.1	200	text/html; charset=UTF-8	36467	<!DOCTYPE html>	></html>
00:59:02	85	2	200	text/html; charset=UTF-8	36467	<!DOCTYPE html>	></html>
00:59:03	85	1.1	200	text/html; charset=UTF-8	36463	<!DOCTYPE html>	></html>
00:59:05	86	2	200	text/html; charset=UTF-8	36463	<!DOCTYPE html>	></html>
00:59:06	86	1.1	200	text/html; charset=UTF-8	36463	<!DOCTYPE html>	></html>
00:59:08	87	2	200	text/html; charset=UTF-8	36467	<!DOCTYPE html>	></html>
00:59:09	87	1.1	200	text/html; charset=UTF-8	36463	<!DOCTYPE html>	></html>
00:59:11	88	2	200	text/html; charset=UTF-8	36464	<!DOCTYPE html>	></html>
00:59:12	88	1.1	200	text/html; charset=UTF-8	36464	<!DOCTYPE html>	></html>
00:59:14	89	2	200	text/html; charset=UTF-8	36463	<!DOCTYPE html>	></html>
00:59:15	89	1.1	200	text/html; charset=UTF-8	36464	<!DOCTYPE html>	></html>
00:59:17	90	2	200	text/html; charset=UTF-8	36463	<!DOCTYPE html>	></html>
00:59:18	90	1.1	200	text/html; charset=UTF-8	36462	<!DOCTYPE html>	></html>
00:59:20	91	2	200	text/html; charset=UTF-8	36467	<!DOCTYPE html>	></html>
00:59:21	91	1.1	200	text/html; charset=UTF-8	36464	<!DOCTYPE html>	></html>
00:59:23	92	2	200	text/html; charset=UTF-8	36463	<!DOCTYPE html>	></html>
00:59:24	92	1.1	200	text/html; charset=UTF-8	36463	<!DOCTYPE html>	></html>
00:59:26	93	2	200	text/html; charset=UTF-8	36464	<!DOCTYPE html>	></html>
00:59:27	93	1.1	200	text/html; charset=UTF-8	36463	<!DOCTYPE html>	></html>
00:59:29	94	2	200	text/html; charset=UTF-8	36463	<!DOCTYPE html>	></html>
00:59:30	94	1.1	200	text/html; charset=UTF-8	36467	<!DOCTYPE html>	></html>
00:59:32	95	2	200	text/html; charset=UTF-8	36463	<!DOCTYPE html>	></html>
00:59:33	95	1.1	200	text/html; charset=UTF-8	36463	<!DOCTYPE html>	></html>
00:59:35	96	2	200	text/html; charset=UTF-8	36463	<!DOCTYPE html>	></html>
00:59:36	96	1.1	200	text/html; charset=UTF-8	36463	<!DOCTYPE html>	></html>
00:59:38	97	2	200	text/html; charset=UTF-8	36467	<!DOCTYPE html>	></html>
00:59:39	97	1.1	200	text/html; charset=UTF-8	36463	<!DOCTYPE html>	></html>
00:59:41	98	2	200	text/html; charset=UTF-8	36464	<!DOCTYPE html>	></html>
00:59:42	98	1.1	200	text/html; charset=UTF-8	36463	<!DOCTYPE html>	></html>
00:59:44	99	2	200	text/html; charset=UTF-8	36462	<!DOCTYPE html>	></html>
00:59:45	99	1.1	200	text/html; charset=UTF-8	36463	<!DOCTYPE html>	></html>
00:59:47	100	2	200	text/html; charset=UTF-8	36463	<!DOCTYPE html>	></html>
00:59:48	100	1.1	200	text/html; charset=UTF-8	36467	<!DOCTYPE html>	></html>
00:59:50	101	2	200	text/html; charset=UTF-8	36466	<!DOCTYPE html>	></html>
00:59:51	101	1.1	200	text/html; charset=UTF-8	36462	<!DOCTYPE html>	></html>
00:59:53	102	2	200	text/html; charset=UTF-8	36462	<!DOCTYPE html>	></html>
00:59:54	102	1.1	200	text/html; charset=UTF-8	36462	<!DOCTYPE html>	></html>
00:59:56	103	2	200	text/html; charset=UTF-8	36462	<!DOCTYPE html>	></html>
00:59:57	103	1.1	200	text/html; charset=UTF-8	36462	<!DOCTYPE html>	></html>
00:59:59	104	2	200	text/html; charset=UTF-8	36462	<!DOCTYPE html>	></html>
01:00:00	104	1.1	200	text/html; charset=UTF-8	36462	<!DOCTYPE html>	></html>
01:00:02	105	2	200	text/html; charset=UTF-8	36465	<!DOCTYPE html>	></html>
01:00:03	105	1.1	200	text/html; charset=UTF-8	36463	<!DOCTYPE html>	></html>
01:00:05	106	2	200	text/html; charset=UTF-8	36463	<!DOCTYPE html>	></html>
01:00:07	106	1.1	200	text/html; charset=UTF-8	36463	<!DOCTYPE html>	></html>
01:00:09	107	2	200	text/html; charset=UTF-8	36469	<!DOCTYPE html>	></html>
01:00:10	107	1.1	200	text/html; charset=UTF-8	36467	<!DOCTYPE html>	></html>
01:00:12	108	2	200	text/html; charset=UTF-8	36463	<!DOCTYPE html>	></html>
01:00:13	108	1.1	200	text/html; charset=UTF-8	36463	<!DOCTYPE html>	></html>
01:00:15	109	2	200	text/html; charset=UTF-8	36463	<!DOCTYPE html>	></html>
01:00:16	109	1.1	200	text/html; charset=UTF-8	36463	<!DOCTYPE html>	></html>
01:00:18	110	2	200	text/html; charset=UTF-8	36467	<!DOCTYPE html>	></html>
01:00:19	110	1.1	200	text/html; charset=UTF-8	36463	<!DOCTYPE html>	></html>
01:00:21	111	2	200	text/html; charset=UTF-8	36464	<!DOCTYPE html>	></html>
01:00:22	111	1.1	200	text/html; charset=UTF-8	36461	<!DOCTYPE html>	></html>
01:00:24	112	2	200	text/html; charset=UTF-8	36463	<!DOCTYPE html>	></html>
01:00:25	112	1.1	200	text/html; charset=UTF-8	36464	<!DOCTYPE html>	></html>
01:00:27	113	2	200	text/html; charset=UTF-8	36464	<!DOCTYPE html>	></html>
01:00:28	113	1.1	200	text/html; charset=UTF-8	36467	<!DOCTYPE html>	></html>
01:00:30	114	2	200	text/html; charset=UTF-8	36467	<!DOCTYPE html>	></html>
01:00:31	114	1.1	200	text/html; charset=UTF-8	36464	<!DOCTYPE html>	></html>
01:00:33	115	2	200	text/html; charset=UTF-8	36463	<!DOCTYPE html>	></html>
01:00:34	115	1.1	200	text/html; charset=UTF-8	36463	<!DOCTYPE html>	></html>
01:00:36	116	2	200	text/html; charset=UTF-8	36463	<!DOCTYPE html>	></html>
01:00:37	116	1.1	200	text/html; charset=UTF-8	36463	<!DOCTYPE html>	></html>
01:00:39	117	2	200	text/html; charset=UTF-8	36462	<!DOCTYPE html>	></html>
01:00:40	117	1.1	200	text/html; charset=UTF-8	36467	<!DOCTYPE html>	></html>
01:00:42	118	2	200	text/html; charset=UTF-8	36466	<!DOCTYPE html>	></html>
01:00:43	118	1.1	200	text/html; charset=UTF-8	36463	<!DOCTYPE html>	></html>
01:00:45	119	2	200	text/html; charset=UTF-8	36463	<!DOCTYPE html>	></html>
01:00:46	119	1.1	200	text/html; charset=UTF-8	36463	<!DOCTYPE html>	></html>
01:00:48	120	2	200	text/html; charset=UTF-8	36467	<!DOCTYPE html>	></html>
01:00:49	120	1.1	200	text/html; charset=UTF-8	36463	<!DOCTYPE html>	></html>
01:00:51	121	2	200	text/html; charset=UTF-8	36464	<!DOCTYPE html>	></html>
01:00:52	121	1.1	200	text/html; charset=UTF-8	36464	<!DOCTYPE html>	></html>
01:00:54	122	2	200	text/html; charset=UTF-8	36463	<!DOCTYPE html>	></html>
01:00:55	122	1.1	200	text/html; charset=UTF-8	36463	<!DOCTYPE html>	></html>
01:00:57	123	2	200	text/html; charset=UTF-8	36463	<!DOCTYPE html>	></html>
01:00:58	123	1.1	200	text/html; charset=UTF-8	36467	<!DOCTYPE html>	></html>
01:01:00	124	2	200	text/html; charset=UTF-8	36467	<!DOCTYPE html>	></html>
01:01:02	124	1.1	200	text/html; charset=UTF-8	36464	<!DOCTYPE html>	></html>
01:01:04	125	2	200	text/html; charset=UTF-8	36463	<!DOCTYPE html>	></html>
01:01:05	125	1.1	200	text/html; charset=UTF-8	36463	<!DOCTYPE html>	></html>
01:01:07	126	2	200	text/html; charset=UTF-8	36463	<!DOCTYPE html>	></html>
01:01:08	126	1.1	200	text/html; charset=UTF-8	36463	<!DOCTYPE html>	></html>
01:01:10	127	2	200	text/html; charset=UTF-8	36467	<!DOCTYPE html>	></html>
01:01:11	127	1.1	200	text/html; charset=UTF-8	36463	<!DOCTYPE html>	></html>
01:01:13	128	2	200	text/html; charset=UTF-8	36463	<!DOCTYPE html>	></html>
01:01:14	128	1.1	200	text/html; charset=UTF-8	36463	<!DOCTYPE html>	></html>
01:01:16	129	2	200	text/html; charset=UTF-8	36463	<!DOCTYPE html>	></html>
01:01:17	129	1.1	200	text/html; charset=UTF-8	36463	<!DOCTYPE html>	></html>
01:01:19	130	2	200	text/html; charset=UTF-8	36463	<!DOCTYPE html>	></html>
01:01:20	130	1.1	200	text/html; charset=UTF-8	36467	<!DOCTYPE html>	></html>
01:01:22	131	2	200	text/html; charset=UTF-8	36463	<!DOCTYPE html>	></html>
01:01:23	131	1.1	200	text/html; charset=UTF-8	36463	<!DOCTYPE html>	></html>
01:01:25	132	2	200	text/html; charset=UTF-8	36463	<!DOCTYPE html>	></html>
01:01:26	132	1.1	200	text/html; charset=UTF-8	36463	<!DOCTYPE html>	></html>
01:01:28	133	2	200	text/html; charset=UTF-8	36467	<!DOCTYPE html>	></html>
01:01:29	133	1.1	200	text/html; charset=UTF-8	36463	<!DOCTYPE html>	></html>
01:01:31	134	2	200	text/html; charset=UTF-8	36464	<!DOCTYPE html>	></html>
01:01:32	134	1.1	200	text/html; charset=UTF-8	36463	<!DOCTYPE html>	></html>
01:01:34	135	2	200	text/html; charset=UTF-8	36463	<!DOCTYPE html>	></html>
01:01:35	135	1.1	200	text/html; charset=UTF-8	36463	<!DOCTYPE html>	></html>
01:01:37	136	2	200	text/html; charset=UTF-8	36463	<!DOCTYPE html>	></html>
01:01:38	136	1.1	200	text/html; charset=UTF-8	36467	<!DOCTYPE html>	></html>
01:01:40	137	2	200	text/html; charset=UTF-8	36467	<!DOCTYPE html>	></html>
01:01:41	137	1.1	200	text/html; charset=UTF-8	36465	<!DOCTYPE html>	></html>
01:01:43	138	2	200	text/html; charset=UTF-8	36463	<!DOCTYPE html>	></html>
01:01:44	138	1.1	200	text/html; charset=UTF-8	36463	<!DOCTYPE html>	></html>
01:01:46	139	2	200	text/html; charset=UTF-8	36463	<!DOCTYPE html>	></html>
01:01:47	139	1.1	200	text/html; charset=UTF-8	36463	<!DOCTYPE html>	></html>
01:01:49	140	2	200	text/html; charset=UTF-8	36463	<!DOCTYPE html>	></html>
01:01:50	140	1.1	200	text/html; charset=UTF-8	36467	<!DOCTYPE html>	></html>
01:01:52	141	2	200	text/html; charset=UTF-8	36463	<!DOCTYPE html>	></html>
01:01:53	141	1.1	200	text/html; charset=UTF-8	36463	<!DOCTYPE html>	></html>
01:01:55	142	2	200	text/html; charset=UTF-8	36463	<!DOCTYPE html>	></html>
01:01:56	142	1.1	200	text/html; charset=UTF-8	36463	<!DOCTYPE html>	></html>
01:01:58	143	2	200	text/html; charset=UTF-8	36467	<!DOCTYPE html>	></html>
01:01:59	143	1.1	200	text/html; charset=UTF-8	36463	<!DOCTYPE html>	></html>
01:02:01	144	2	200	text/html; charset=UTF-8	36464	<!DOCTYPE html>	></html>
01:02:02	144	1.1	200	text/html; charset=UTF-8	36461	<!DOCTYPE html>	></html>
01:02:04	145	2	200	text/html; charset=UTF-8	36464	<!DOCTYPE html>	></html>
01:02:05	145	1.1	200	text/html; charset=UTF-8	36464	<!DOCTYPE html>	></html>
01:02:07	146	2	200	text/html; charset=UTF-8	36463	<!DOCTYPE html>	></html>
01:02:08	146	1.1	200	text/html; charset=UTF-8	36467	<!DOCTYPE html>	></html>
01:02:10	147	2	200	text/html; charset=UTF-8	36467	<!DOCTYPE html>	></html>
01:02:11	147	1.1	200	text/html; charset=UTF-8	36464	<!DOCTYPE html>	></html>
01:02:13	148	2	200	text/html; charset=UTF-8	36463	<!DOCTYPE html>	></html>
01:02:14	148	1.1	200	text/html; charset=UTF-8	36463	<!DOCTYPE html>	></html>
01:02:16	149	2	200	text/html; charset=UTF-8	36464	<!DOCTYPE html>	></html>
01:02:17	149	1.1	200	text/html; charset=UTF-8	36463	<!DOCTYPE html>	></html>
01:02:19	150	2	200	text/html; charset=UTF-8	36463	<!DOCTYPE html>	></html>
01:02:20	150	1.1	200	text/html; charset=UTF-8	36467	<!DOCTYPE html>	></html>
